,index,Austria,Belgium,Chile,Colombia,Czech Republic,Denmark,Estonia,Finland,France,Germany,Greece,Hungary,Iceland,Ireland,Israel,Italy,Japan,South Korea,Latvia,Lithuania,Luxembourg,Mexico,Netherlands,New Zealand,Norway,Poland,Portugal,Slovakia,Slovenia,Spain,Sweden,Switzerland,Turkey,United States,United Kingdom,Australia,Canada
0,1/22/20,0,0,0,0,0,0,0,0,0,0,0,0,0,0,0,0,2,1,0,0,0,0,0,0,0,0,0,0,0,0,0,0,0,1,0,0,0
1,1/23/20,0,0,0,0,0,0,0,0,0,0,0,0,0,0,0,0,2,1,0,0,0,0,0,0,0,0,0,0,0,0,0,0,0,1,0,0,0
2,1/24/20,0,0,0,0,0,0,0,0,2,0,0,0,0,0,0,0,2,2,0,0,0,0,0,0,0,0,0,0,0,0,0,0,0,2,0,0,0
3,1/25/20,0,0,0,0,0,0,0,0,3,0,0,0,0,0,0,0,2,2,0,0,0,0,0,0,0,0,0,0,0,0,0,0,0,2,0,0,0
4,1/26/20,0,0,0,0,0,0,0,0,3,0,0,0,0,0,0,0,4,3,0,0,0,0,0,0,0,0,0,0,0,0,0,0,0,5,0,4,1
5,1/27/20,0,0,0,0,0,0,0,0,3,1,0,0,0,0,0,0,4,4,0,0,0,0,0,0,0,0,0,0,0,0,0,0,0,5,0,5,1
6,1/28/20,0,0,0,0,0,0,0,0,4,4,0,0,0,0,0,0,7,4,0,0,0,0,0,0,0,0,0,0,0,0,0,0,0,5,0,5,2
7,1/29/20,0,0,0,0,0,0,0,1,5,4,0,0,0,0,0,0,7,4,0,0,0,0,0,0,0,0,0,0,0,0,0,0,0,6,0,6,2
8,1/30/20,0,0,0,0,0,0,0,1,5,4,0,0,0,0,0,0,11,4,0,0,0,0,0,0,0,0,0,0,0,0,0,0,0,6,0,9,2
9,1/31/20,0,0,0,0,0,0,0,1,5,5,0,0,0,0,0,2,15,11,0,0,0,0,0,0,0,0,0,0,0,0,0,0,0,8,2,9,4
10,2/1/20,0,0,0,0,0,0,0,1,6,8,0,0,0,0,0,2,20,12,0,0,0,0,0,0,0,0,0,0,0,1,1,0,0,8,2,12,4
11,2/2/20,0,0,0,0,0,0,0,1,6,10,0,0,0,0,0,2,20,15,0,0,0,0,0,0,0,0,0,0,0,1,1,0,0,8,2,12,4
12,2/3/20,0,0,0,0,0,0,0,1,6,12,0,0,0,0,0,2,20,15,0,0,0,0,0,0,0,0,0,0,0,1,1,0,0,11,8,12,4
13,2/4/20,0,1,0,0,0,0,0,1,6,12,0,0,0,0,0,2,22,16,0,0,0,0,0,0,0,0,0,0,0,1,1,0,0,11,8,13,4
14,2/5/20,0,1,0,0,0,0,0,1,6,12,0,0,0,0,0,2,23,19,0,0,0,0,0,0,0,0,0,0,0,1,1,0,0,11,9,13,5
15,2/6/20,0,1,0,0,0,0,0,1,6,12,0,0,0,0,0,2,23,23,0,0,0,0,0,0,0,0,0,0,0,1,1,0,0,12,9,14,5
16,2/7/20,0,1,0,0,0,0,0,1,6,13,0,0,0,0,0,3,23,24,0,0,0,0,0,0,0,0,0,0,0,1,1,0,0,12,9,15,7
17,2/8/20,0,1,0,0,0,0,0,1,11,13,0,0,0,0,0,3,24,24,0,0,0,0,0,0,0,0,0,0,0,1,1,0,0,12,13,15,7
18,2/9/20,0,1,0,0,0,0,0,1,11,14,0,0,0,0,0,3,24,25,0,0,0,0,0,0,0,0,0,0,0,2,1,0,0,12,14,15,7
19,2/10/20,0,1,0,0,0,0,0,1,11,14,0,0,0,0,0,3,26,27,0,0,0,0,0,0,0,0,0,0,0,2,1,0,0,12,14,15,7
20,2/11/20,0,1,0,0,0,0,0,1,11,16,0,0,0,0,0,3,27,28,0,0,0,0,0,0,0,0,0,0,0,2,1,0,0,13,15,15,7
21,2/12/20,0,1,0,0,0,0,0,1,11,16,0,0,0,0,0,3,28,28,0,0,0,0,0,0,0,0,0,0,0,2,1,0,0,13,16,15,7
22,2/13/20,0,1,0,0,0,0,0,1,11,16,0,0,0,0,0,3,33,28,0,0,0,0,0,0,0,0,0,0,0,2,1,0,0,14,17,15,7
23,2/14/20,0,1,0,0,0,0,0,1,11,16,0,0,0,0,0,3,43,28,0,0,0,0,0,0,0,0,0,0,0,2,1,0,0,14,18,15,7
24,2/15/20,0,1,0,0,0,0,0,1,12,16,0,0,0,0,0,3,54,28,0,0,0,0,0,0,0,0,0,0,0,2,1,0,0,14,18,15,7
25,2/16/20,0,1,0,0,0,0,0,1,12,16,0,0,0,0,0,3,60,29,0,0,0,0,0,0,0,0,0,0,0,2,1,0,0,14,18,15,7
26,2/17/20,0,1,0,0,0,0,0,1,12,16,0,0,0,0,0,3,67,30,0,0,0,0,0,0,0,0,0,0,0,2,1,0,0,14,19,15,8
27,2/18/20,0,1,0,0,0,0,0,1,12,16,0,0,0,0,0,3,79,31,0,0,0,0,0,0,0,0,0,0,0,2,1,0,0,14,19,15,8
28,2/19/20,0,1,0,0,0,0,0,1,12,16,0,0,0,0,0,3,85,31,0,0,0,0,0,0,0,0,0,0,0,2,1,0,0,14,20,15,8
29,2/20/20,0,1,0,0,0,0,0,1,12,16,0,0,0,0,0,3,95,104,0,0,0,0,0,0,0,0,0,0,0,2,1,0,0,14,22,15,8
30,2/21/20,0,1,0,0,0,0,0,1,12,16,0,0,0,0,1,20,112,204,0,0,0,0,0,0,0,0,0,0,0,2,1,0,0,16,23,15,9
31,2/22/20,0,1,0,0,0,0,0,1,12,16,0,0,0,0,1,62,137,433,0,0,0,0,0,0,0,0,0,0,0,2,1,0,0,16,23,15,9
32,2/23/20,0,1,2,0,0,0,0,1,12,16,0,0,0,0,1,155,149,602,0,0,0,0,0,0,0,0,0,0,0,2,1,0,0,16,28,15,9
33,2/24/20,0,1,2,0,0,0,0,1,12,16,0,0,0,0,1,229,160,833,0,0,0,0,0,0,0,0,0,0,0,2,1,0,0,16,30,15,10
34,2/25/20,2,1,2,0,0,0,0,1,14,17,0,0,0,0,1,322,173,977,0,0,0,0,0,0,0,0,0,0,0,6,1,1,0,16,34,15,11
35,2/26/20,2,1,2,0,0,0,0,2,18,27,1,0,0,0,2,453,192,1261,0,0,0,0,0,0,1,0,0,0,0,13,2,1,0,16,37,15,11
36,2/27/20,3,1,2,0,0,1,1,2,38,46,3,0,0,0,3,655,218,1766,0,0,0,0,1,0,1,0,0,0,0,15,3,8,0,17,44,15,13
37,2/28/20,3,1,2,0,0,1,1,2,57,48,4,0,1,0,4,888,236,2337,0,1,0,1,1,1,6,0,0,0,0,32,11,8,0,17,56,15,14
38,2/29/20,9,1,2,0,0,3,1,3,100,79,4,0,1,1,7,1128,245,3150,0,1,1,4,6,1,15,0,0,0,0,45,14,18,0,25,61,25,20
39,3/1/20,14,2,9,0,3,4,1,6,130,130,7,0,3,1,10,1694,259,3736,0,1,1,5,10,1,19,0,0,0,0,84,14,27,0,32,94,27,24
40,3/2/20,18,8,9,0,3,4,1,6,191,159,7,0,6,1,10,2036,278,4335,1,1,1,5,18,1,25,0,2,0,0,120,19,42,0,55,134,30,27
41,3/3/20,21,13,10,0,5,6,2,6,204,196,7,0,11,2,12,2502,298,5186,1,1,1,5,24,1,32,0,2,0,0,165,32,56,0,74,189,39,30
42,3/4/20,29,23,10,0,8,10,2,6,285,262,9,2,26,6,15,3089,333,5621,1,1,1,5,38,3,56,1,5,0,0,222,62,90,0,107,245,52,33
43,3/5/20,41,50,13,0,12,10,3,12,377,482,31,2,34,6,20,3858,365,6088,1,1,1,5,82,3,87,1,8,0,2,259,87,114,0,184,294,55,37
44,3/6/20,55,109,13,1,18,23,10,15,653,670,45,2,43,18,37,4636,420,6593,1,1,2,6,128,4,108,5,13,1,7,400,146,214,0,237,373,60,49
45,3/7/20,79,169,13,1,19,23,10,15,949,799,46,4,50,18,43,5883,466,7041,1,1,2,6,188,5,147,5,20,1,7,500,179,268,0,403,428,63,54
46,3/8/20,104,200,20,1,31,35,10,23,1126,1040,73,7,50,19,61,7375,499,7314,2,1,3,7,265,5,176,11,30,3,16,673,225,337,0,519,482,76,64
47,3/9/20,131,239,20,1,31,90,10,30,1209,1176,73,9,58,21,61,9172,527,7478,6,1,3,7,321,5,205,16,30,3,16,1073,326,374,0,594,629,91,77
48,3/10/20,182,267,25,3,41,262,12,40,1784,1457,89,9,69,34,75,10149,585,7513,8,1,5,7,382,5,400,22,41,7,31,1695,424,491,0,782,887,107,79
49,3/11/20,246,314,35,9,91,442,16,59,2281,1908,99,13,85,43,79,12462,640,7755,10,3,7,8,503,5,598,31,59,10,57,2277,620,652,1,1147,1298,128,108
50,3/12/20,302,314,35,9,94,615,16,59,2281,2078,99,13,103,43,100,15113,696,7869,10,3,19,12,503,5,702,49,59,16,89,2277,771,652,1,1586,1787,128,117
51,3/13/20,504,559,55,13,141,801,79,155,3661,3675,190,19,134,90,126,17660,733,7979,17,6,34,26,804,5,996,68,112,32,141,5232,923,1139,5,2219,2266,200,193
52,3/14/20,655,689,88,22,189,827,115,225,4469,4585,228,30,156,129,155,21157,795,8086,26,8,51,41,959,6,1090,103,169,44,181,6391,994,1359,5,2978,2630,250,198
53,3/15/20,860,886,101,34,253,864,171,244,4499,5795,331,32,171,129,213,24747,826,8162,30,12,59,53,1135,8,1221,119,245,54,219,7798,1063,2200,6,3212,3072,297,252
54,3/16/20,1018,1058,182,57,298,914,205,277,6633,7272,331,39,180,169,218,27980,843,8236,34,17,77,82,1413,8,1333,177,331,63,253,9942,1146,2200,18,4679,3684,377,415
55,3/17/20,1332,1243,228,75,396,977,225,321,7652,9257,387,50,220,223,250,31506,893,8320,49,25,140,93,1705,12,1463,238,448,72,275,11748,1265,2700,47,6512,4452,452,478
56,3/18/20,1646,1486,265,102,464,1057,258,336,9043,12327,418,58,250,292,304,35713,928,8413,71,27,203,118,2051,20,1550,251,448,105,275,13910,1410,3028,98,9169,5451,568,657
57,3/19/20,2013,1795,265,108,694,1151,267,400,10871,15320,418,73,330,557,427,41035,968,8565,86,36,335,164,2460,28,1746,355,785,123,286,17963,1553,4075,192,13663,6506,681,800
58,3/20/20,2388,2257,461,158,833,1255,283,450,12612,19848,495,85,409,683,529,47021,1022,8652,111,49,484,203,2994,39,1914,425,1020,137,341,20410,1733,5294,359,20030,7760,791,943
59,3/21/20,2814,2815,592,196,995,1326,306,523,14282,22213,530,103,473,785,712,53578,1059,8799,124,83,670,251,3631,52,2118,536,1280,178,383,25374,1868,6575,670,26025,8957,1071,1277
60,3/22/20,3582,3401,687,231,1120,1395,326,626,16018,24873,624,131,568,906,883,59138,1104,8961,139,143,798,316,4204,102,2385,634,1600,185,414,28768,1986,7474,1236,34855,10333,1549,1469
61,3/23/20,4474,3743,801,277,1236,1450,352,700,19856,29056,695,167,588,1125,1071,63927,1144,8961,180,179,875,367,4749,102,2621,749,2060,186,442,35136,2168,8795,1529,46086,12668,1682,2088
62,3/24/20,5283,4269,977,378,1394,1591,369,792,22304,32986,743,187,648,1329,1238,69176,1217,9037,197,209,1099,405,5560,155,2863,901,2362,204,480,39885,2398,9877,1872,56698,15039,2044,2790
63,3/25/20,5588,4937,1197,470,1654,1724,404,880,25233,37323,821,226,737,1564,2369,74386,1314,9137,221,274,1333,475,6412,205,3084,1051,2995,216,528,49515,2712,10897,2433,68773,17732,2364,3251
64,3/26/20,6909,6235,1361,491,1925,1877,538,958,29155,43938,892,261,802,1819,2693,80589,1416,9241,244,299,1453,585,7431,283,3369,1221,3544,226,562,57786,2998,11811,3629,86613,20816,2810,4042
65,3/27/20,7657,7284,1665,539,2279,2046,575,1041,32964,50871,966,300,890,2121,3035,86498,1530,9332,280,358,1605,717,8603,368,3755,1389,4268,269,632,65719,3363,12928,5698,105293,24017,3143,4682
66,3/28/20,8271,9134,2015,608,2631,2201,645,1167,37575,57695,1061,343,963,2415,3619,92472,1728,9478,305,394,1831,848,9762,451,4015,1638,5170,292,684,73235,3663,14076,7402,124900,26839,3640,5576
67,3/29/20,8788,10836,2245,702,2817,2395,679,1240,40174,62095,1156,408,1020,2615,4247,97689,1907,9583,347,460,1950,993,10866,514,4284,1862,5962,314,730,80110,3943,14829,9217,143779,29696,3984,6280
68,3/30/20,9618,11899,2555,798,3001,2577,715,1352,44550,66885,1212,447,1086,2910,4695,101739,2001,9661,376,491,1988,1094,11750,589,4445,2055,6408,336,756,87956,4359,15922,10827,165861,33969,4361,7398
69,3/31/20,10180,12775,2844,906,3308,2860,745,1418,52128,71808,1314,492,1135,3235,5358,105792,2255,9786,398,537,2178,1215,12595,647,4641,2311,7443,363,802,95923,4834,16605,13531,192177,38484,4559,8527
70,4/1/20,10711,13964,3137,1065,3508,3107,779,1446,56989,77872,1415,525,1220,3447,6092,110574,2535,9887,446,581,2319,1378,13614,708,4863,2554,8251,400,841,104118,5320,17768,15679,218060,43398,4862,9560
71,4/2/20,11129,15348,3510,1161,3858,3386,858,1518,59105,84794,1544,585,1319,3849,6857,115242,2818,9976,458,649,2487,1510,14697,797,5147,2946,9034,426,897,112065,5874,18827,18135,248447,48263,5116,11284
72,4/3/20,11524,16770,3843,1267,4091,3757,961,1615,64338,91159,1613,623,1364,4273,7428,119827,3154,10062,493,696,2612,1688,15723,868,5370,3383,9886,450,934,119199,6475,19606,20921,280417,53178,5330,12437
73,4/4/20,11781,18431,4355,1406,4472,4077,1039,1882,68605,96092,1673,678,1417,4604,7851,124632,3525,10156,509,771,2729,1890,16627,950,5550,3627,10524,471,977,126168,6832,20505,23934,313432,57198,5550,12978
74,4/5/20,12051,19691,4665,1485,4587,4369,1097,1927,70478,100123,1735,733,1486,4994,8430,128948,3876,10237,533,811,2804,2143,17851,1039,5687,4102,11278,485,997,131646,7172,21100,27069,341629,60792,5687,15756
75,4/6/20,12297,20814,5009,1579,4822,4681,1108,2176,74390,103374,1755,744,1562,5364,8904,132547,4110,10284,542,843,2843,2439,18803,1106,5865,4413,11730,534,1021,136675,7561,21657,30217,371802,66067,5797,16563
76,4/7/20,12639,22194,5310,1780,5017,5071,1149,2308,78167,107663,1832,817,1586,5709,9248,135586,4485,10331,548,880,2970,2785,19580,1160,6086,4848,12442,581,1059,141942,8299,22253,34109,403212,71517,5895,17872
77,4/8/20,12942,23403,5740,2054,5312,5402,1185,2487,82048,113296,1884,895,1616,6074,9404,139422,5020,10384,577,912,3034,3181,20549,1210,6086,5205,13141,682,1091,148220,8954,23280,38226,435407,76646,6010,19141
78,4/9/20,13244,24983,6166,2223,5569,5635,1207,2605,86334,118181,1955,980,1648,6574,9968,143626,5614,10423,589,955,3115,3441,21762,1239,6211,5575,13956,701,1124,153222,9599,24051,42282,469989,81498,6108,20654
79,4/10/20,13555,26667,6695,2473,5732,5819,1258,2769,90676,122171,2011,1190,1675,8089,10408,147577,6250,10450,612,999,3223,3844,23097,1283,6314,5955,15472,715,1160,158273,10053,24551,47029,503474,85813,6215,22059
80,4/11/20,13806,28018,7366,2709,5831,5996,1304,2905,93790,124908,2081,1310,1689,8928,10743,152271,6951,10480,630,1026,3270,4219,24413,1312,6409,6356,15987,728,1188,163027,10448,25107,52167,532782,89390,6303,23316
81,4/12/20,13945,29647,7652,2776,5991,6174,1309,2974,120633,127854,2114,1410,1701,9655,11145,156363,7473,10512,651,1053,3281,4661,25587,1330,6525,6674,16585,742,1205,166831,10912,25415,56956,559709,92885,6315,24299
82,4/13/20,14041,30589,7964,2852,6059,6318,1332,3064,124298,130072,2145,1458,1711,10647,11586,159516,7773,10537,655,1062,3292,5014,26551,1349,6603,6934,16934,769,1212,170099,11349,25688,61049,585518,97068,6351,25680
83,4/14/20,14226,31119,8356,2979,6111,6511,1373,3161,129257,131359,2170,1512,1720,11479,12046,162488,8277,10564,657,1070,3307,5399,27419,1366,6623,7202,17448,835,1220,172541,11828,25936,65111,614082,101393,6415,27035
84,4/15/20,14336,33573,8712,3105,6216,6681,1400,3237,132473,134753,2192,1579,1727,12547,12501,165155,8835,10591,666,1091,3373,5847,28153,1386,6740,7582,18091,863,1248,177644,12432,26336,69392,644247,106458,6440,28209
85,4/16/20,14476,34809,9246,3233,6433,6879,1434,3369,144944,137698,2207,1652,1739,13271,12758,168941,9398,10613,675,1128,3444,6297,29214,1401,6896,7918,18841,977,1268,184948,13055,26732,74193,675648,111756,6462,30809
86,4/17/20,14595,36138,9691,3439,6549,7073,1459,3489,146923,141397,2224,1763,1754,13980,12982,172434,9958,10635,682,1149,3480,6875,30449,1409,6937,8379,19022,1049,1304,190839,13743,27078,78546,708317,116721,6522,32814
87,4/18/20,14671,37183,10598,3621,6606,7242,1512,3681,146906,143342,2235,1834,1760,14758,13265,175925,10548,10653,712,1239,3537,7497,31589,1422,7036,8742,19685,1089,1317,191726,14275,27404,82329,736244,121437,6568,34356
88,4/19/20,14749,38496,10956,3792,6746,7384,1528,3783,151808,145184,2235,1916,1771,15251,13491,178972,10914,10661,727,1298,3550,8261,32655,1431,7078,9287,20206,1161,1330,198674,14663,27740,86306,761933,125289,6610,35633
89,4/20/20,14795,39983,11375,3977,6900,7515,1535,3868,154188,147065,2245,1984,1773,15652,13713,181228,11258,10674,739,1326,3558,8772,33405,1440,7156,9593,20863,1173,1335,200210,15124,27944,90980,790353,130147,6623,37658
90,4/21/20,14873,40956,11700,4149,7033,7695,1552,4014,156921,148291,2401,2098,1778,16040,13942,183957,11641,10683,748,1350,3618,9501,34134,1445,7191,9856,21379,1199,1344,204178,15831,28063,95591,816413,134907,6645,39402
91,4/22/20,14925,41889,12164,4356,7132,7912,1559,4129,154715,150648,2408,2168,1785,16671,14498,187327,12037,10694,761,1370,3654,10544,34842,1451,7338,10169,21982,1244,1353,208389,16553,28268,98674,845727,140397,6652,41663
92,4/23/20,15002,42797,12680,4561,7187,8073,1592,4284,157026,153129,2463,2284,1789,17607,14803,189973,12469,10708,778,1398,3665,11633,35729,1456,7401,10511,22353,1325,1366,213024,17311,28496,101790,878911,145540,6662,43299
93,4/24/20,15071,44293,13174,4881,7273,8210,1605,4395,158636,154999,2490,2443,1789,18184,15058,192994,12854,10718,784,1410,3695,12872,36535,1461,7463,10892,22797,1360,1373,202990,18090,28677,104912,912662,150513,6677,44919
94,4/25/20,15148,45325,14537,5142,7352,8445,1635,4475,160292,156513,2506,2443,1790,18561,15298,195351,13186,10728,804,1426,3711,13842,37190,1470,7499,11273,23392,1373,1388,205905,18563,28894,107773,944234,154261,6694,46371
95,4/26/20,15225,46134,15010,5379,7404,8575,1643,4576,160847,157770,2517,2500,1792,19262,15443,197675,13405,10738,812,1438,3723,14677,37845,1469,7527,11617,23864,1379,1396,207634,18863,29061,110130,971078,157729,6714,48033
96,4/27/20,15274,46687,15492,5597,7445,8698,1647,4695,164589,158758,2534,2583,1792,19648,15555,199414,13576,10752,818,1449,3729,15529,38245,1472,7599,11902,24027,1381,1402,209465,19426,29164,112261,994265,162431,6721,49616
97,4/28/20,15357,47334,16044,5949,7504,8851,1660,4740,167605,159912,2566,2649,1795,19877,15728,201505,13860,10761,836,1344,3741,16752,38416,1474,7660,12218,24322,1384,1408,210773,20168,29264,114653,1018926,167152,6744,51150
98,4/29/20,15402,47859,16564,6207,7579,9008,1666,4906,165093,161539,2576,2727,1797,20253,15834,203591,14076,10765,849,1375,3769,17799,38802,1476,7710,12640,24505,1391,1418,212917,20966,29407,117589,1046737,172587,6752,52865
99,4/30/20,15452,48519,17702,6507,7682,9158,1689,4995,165764,163009,2591,2775,1797,20612,15946,205463,14284,10774,858,1385,3784,19224,39316,1479,7738,12877,25045,1396,1429,213435,21601,29586,120204,1076224,177543,6766,54457
100,5/1/20,15531,49032,18687,7006,7737,9311,1694,5051,165764,164077,2612,2863,1798,20833,16101,207428,14558,10780,870,1399,3802,20739,39791,1485,7783,13105,25351,1403,1434,215216,22133,29705,122392,1110464,182270,6778,56343
101,5/2/20,15558,49517,21213,7285,7755,9407,1699,5176,166976,164967,2620,2942,1798,21176,16185,209328,14861,10793,871,1406,3812,22088,40236,1487,7809,13375,25190,1407,1439,216582,22432,29817,124375,1138228,185491,6799,57926
102,5/3/20,15597,49906,22441,7668,7781,9523,1700,5254,167272,165664,2626,2998,1799,21506,16208,210717,15061,10801,879,1410,3824,23471,40571,1487,7847,13693,25282,1408,1439,217466,22693,29905,126045,1162685,188465,6822,60504
103,5/4/20,15621,50267,23421,7973,7819,9670,1703,5327,167886,166152,2632,3035,1799,21772,16246,211938,15229,10804,896,1419,3828,24905,40770,1486,7904,14006,25524,1413,1439,218011,23169,29981,127659,1186067,191843,6847,61957
104,5/5/20,15650,50509,24794,8613,7896,9821,1711,5412,168935,167007,2642,3065,1799,21983,16289,213013,15354,10806,896,1423,3840,26025,41087,1488,7955,14431,25702,1421,1445,219329,23826,30009,129491,1210577,195527,6875,63215
105,5/6/20,15684,50781,25826,8959,7974,9938,1713,5573,172465,168162,2663,3111,1799,22248,16310,214457,15455,10810,900,1428,3851,27634,41319,1489,7996,14740,26182,1429,1448,220325,24572,30060,131744,1235666,199358,6894,64694
106,5/7/20,15752,51420,27359,9456,8031,10083,1720,5673,173040,169430,2678,3150,1801,22385,16381,215858,15553,10822,909,1433,3859,29616,41774,1490,8034,15047,26715,1445,1449,221447,25359,30126,133721,1263402,203125,6913,66201
107,5/8/20,15774,52011,28750,10051,8077,10218,1725,5738,174318,170588,2691,3178,1801,22541,16436,217185,15640,10840,928,1436,3871,31522,42093,1492,8070,15366,27268,1455,1450,222857,26059,30207,135569,1290151,206174,6918,67674
108,5/9/20,15833,52596,32208,10495,8095,10319,1733,5880,174758,171324,2710,3213,1801,22760,16454,218268,15755,10874,930,1444,3877,33460,42382,1494,8099,15651,27406,1455,1454,223578,26568,30251,137115,1315099,208324,6939,68918
109,5/10/20,15871,53081,33855,11063,8123,10429,1739,5962,175027,171879,2716,3263,1801,22996,16477,219070,15824,10909,939,1479,3886,35022,42627,1497,8105,15996,27581,1457,1457,224350,26846,30305,138657,1333970,210645,6948,70091
110,5/11/20,15882,53449,35052,11613,8176,10513,1741,5984,175479,172576,2726,3284,1801,23135,16506,219814,15861,10936,946,1485,3888,36327,42788,1497,8132,16326,27679,1457,1460,227436,27301,30344,139771,1353397,214228,6970,71264
111,5/12/20,15961,53779,36710,12272,8221,10591,1746,6003,176207,173171,2744,3313,1801,23242,16529,221216,15948,10962,950,1491,3894,38324,42984,1497,8157,16921,27913,1465,1461,228030,28055,30380,141475,1376122,217617,6980,72419
112,5/13/20,15997,53981,39370,12930,8269,10667,1751,6054,175981,174098,2760,3341,1802,23401,16548,222104,15998,10991,951,1505,3904,40186,43211,1497,8175,17204,28132,1469,1463,228691,28755,30413,143114,1397085,220915,6989,73568
113,5/14/20,16058,54288,42029,13610,8351,10713,1758,6145,176712,174478,2770,3380,1802,23827,16579,223096,16096,11018,962,1511,3915,42595,43481,1498,8196,17615,28319,1477,1464,229540,29415,30463,144749,1424243,223524,7019,74781
114,5/15/20,16109,54644,44531,14216,8406,10791,1766,6228,177319,175233,2810,3417,1802,23956,16589,223885,16148,11037,970,1523,3923,45032,43681,1498,8219,18016,28583,1480,1465,230183,30103,30514,146457,1449498,226041,7035,75959
115,5/16/20,16201,54989,50016,14939,8455,10858,1770,6286,177207,175752,2819,3473,1802,24048,16608,224760,16202,11050,997,1534,3930,47144,43870,1499,8237,18257,28810,1493,1465,230698,30461,30572,148067,1473514,228106,7044,77206
116,5/17/20,16242,55280,52369,15574,8475,10927,1774,6347,177240,176369,2834,3509,1802,24112,16617,225435,16226,11065,1008,1541,3945,49219,43995,1499,8249,18529,29036,1494,1466,230698,30720,30587,149435,1491829,229932,7054,78332
117,5/18/20,16269,55559,54647,16295,8586,10968,1784,6380,177554,176551,2836,3535,1802,24200,16643,225886,16259,11078,1009,1547,3947,51633,44141,1499,8257,18885,29209,1495,1466,231606,31151,30597,150593,1513816,232506,7068,79411
118,5/19/20,16321,55791,58167,16935,8647,11044,1791,6399,178428,177778,2840,3556,1802,24251,16659,226699,16287,11110,1012,1562,3958,54346,44249,1503,8267,19268,29432,1495,1467,232037,31818,30618,151615,1534871,235547,7072,80493
119,5/20/20,16353,55983,62205,17687,8721,11117,1794,6443,179069,178473,2850,3598,1803,24315,16667,227364,16321,11122,1016,1577,3971,56594,44447,1503,8281,19739,29660,1496,1468,232555,32626,30658,152587,1557933,238253,7081,81575
120,5/21/20,16404,56235,66169,18330,8754,11182,1800,6493,179306,179021,2853,3641,1803,24391,16683,228006,16362,11142,1025,1593,3980,59567,44700,1504,8309,20143,29912,1502,1468,233037,33236,30694,153548,1583798,240795,7095,82742
121,5/22/20,16436,56511,70445,19131,8813,11230,1807,6537,179645,179710,2874,3678,1803,24506,16690,228658,16385,11165,1030,1604,3981,62527,44888,1504,8332,20619,30200,1503,1468,234824,33768,30707,154500,1607109,242825,7099,83947
122,5/23/20,16486,56810,80287,20177,8890,11289,1821,6568,179964,179986,2876,3713,1804,24582,16712,229327,16410,11190,1046,1616,3990,65856,45064,1504,8346,20931,30471,1504,1468,235290,34171,30725,155686,1628212,244332,7114,85151
123,5/24/20,16503,57092,83996,21175,8955,11360,1823,6579,179859,180328,2878,3741,1804,24639,16717,229858,16451,11206,1047,1623,3992,68620,45236,1504,8352,21326,30623,1509,1468,235772,34381,30736,156827,1648158,245680,7114,86106
124,5/25/20,16539,57342,88891,21981,9002,11387,1824,6599,180166,180600,2882,3756,1804,24698,16734,230158,16472,11225,1049,1635,3993,71105,45445,1504,8364,21631,30788,1511,1469,235400,34871,30746,157814,1666505,247287,7126,87119
125,5/26/20,16557,57455,92855,23003,9050,11428,1834,6628,179887,181200,2892,3771,1804,24735,16757,230555,16502,11265,1053,1639,3995,74560,45578,1504,8383,22074,31007,1513,1469,236259,35617,30761,158762,1685956,248937,7139,88090
126,5/27/20,16591,57592,97183,24104,9086,11480,1840,6692,180044,181524,2903,3793,1805,24803,16793,231139,16528,11344,1057,1647,4001,78023,45768,1504,8401,22473,31292,1515,1471,236259,36417,30776,159797,1704489,250739,7150,88989
127,5/28/20,16628,57849,101837,25366,9140,11512,1851,6743,183309,182196,2906,3816,1805,24841,16872,231732,16598,11402,1061,1656,4008,81400,45950,1504,8411,22825,31596,1520,1473,237906,37191,30796,160979,1727357,252473,7165,89976
128,5/29/20,16655,58061,105532,26688,9196,11593,1859,6776,183816,182922,2909,3841,1805,24876,16987,232248,16673,11441,1064,1662,4012,84627,46126,1504,8422,23155,31946,1520,1473,238564,37964,30828,162120,1751612,253977,7184,90909
129,5/30/20,16685,58186,118720,28236,9230,11633,1865,6826,185616,183189,2915,3867,1806,24929,17012,232664,16716,11468,1065,1670,4016,87512,46257,1504,8437,23571,32203,1521,1473,239228,38396,30845,163103,1775428,255076,7192,91681
130,5/31/20,16731,58381,123550,29383,9268,11669,1869,6859,185851,183410,2917,3876,1806,24990,17071,232997,16751,11503,1066,1675,4018,90664,46442,1504,8440,23786,32500,1521,1473,239479,38661,30862,163942,1794465,256145,7202,92479
131,6/1/20,16733,58517,129020,30493,9302,11699,1870,6885,185952,183594,2918,3892,1806,25062,17169,233197,16787,11541,1066,1678,4019,93435,46545,1504,8446,24165,32700,1522,1473,239638,39309,30871,164769,1811393,257579,7221,93288
132,6/2/20,16759,58615,132548,31833,9364,11734,1870,6887,185112,183879,2937,3921,1806,25066,17285,233515,16837,11590,1071,1682,4020,97326,46647,1504,8455,24395,32895,1522,1475,239932,40210,30874,165555,1832782,259046,7229,93960
133,6/3/20,16771,58685,137490,33354,9438,11771,1880,6911,185440,184121,2937,3931,1806,25111,17377,233836,16867,11629,1079,1684,4024,101238,46733,1504,8477,24687,33261,1525,1477,240326,41256,30893,166422,1852788,260388,7240,94641
134,6/4/20,16805,58767,142154,35120,9494,11811,1890,6911,186118,184472,2952,3954,1806,25142,17495,234013,16911,11668,1082,1687,4027,105680,46942,1504,8504,25048,33592,1526,1477,240660,42295,30913,167410,1874156,261622,7247,95269
135,6/5/20,16843,58907,146361,36635,9529,11875,1910,6941,186670,184924,2967,3970,1806,25163,17562,234531,16958,11719,1085,1694,4032,110026,47152,1504,8522,25410,33969,1526,1479,240978,43441,30936,168340,1899505,262727,7252,95947
136,6/6/20,16898,59072,160351,38027,9567,11924,1931,6964,187199,185450,2980,3990,1806,25183,17752,234801,17000,11776,1086,1705,4035,113619,47335,1504,8531,25986,34351,1528,1484,241310,44224,30956,169218,1920910,263518,7259,96475
137,6/7/20,16902,59226,166756,39236,9628,11948,1939,6981,187492,185750,2997,4008,1807,25201,17863,234998,17039,11814,1088,1714,4039,117103,47574,1504,8547,26561,34693,1528,1485,241550,44686,30965,170132,1938572,264235,7265,97178
138,6/8/20,16968,59348,171452,40719,9697,11962,1940,7001,187590,186109,3049,4014,1807,25207,18032,235278,17060,11852,1088,1720,4040,120102,47739,1504,8561,27160,34885,1530,1485,241717,45363,30972,171121,1956064,265321,7267,97779
139,6/9/20,16979,59437,175365,42078,9751,12001,1947,7025,187925,186506,3058,4017,1807,25215,18180,235561,17111,11902,1089,1727,4046,124301,47903,1504,8576,27560,35306,1531,1486,241966,46299,30988,172114,1974425,266474,7274,98241
140,6/10/20,17005,59569,181062,43682,9824,12016,1958,7040,188322,186522,3068,4027,1807,25231,18355,235763,17146,11947,1092,1733,4049,129184,48087,1504,8594,27842,35600,1533,1488,242280,47736,31011,173036,1995376,267656,7285,98720
141,6/11/20,17034,59711,186698,45212,9855,12035,1965,7064,188680,186691,3088,4039,1807,25238,18569,236142,17187,12003,1094,1752,4052,133974,48251,1504,8608,28201,35910,1541,1488,242707,49030,31044,174023,2018418,268657,7289,99159
142,6/12/20,17064,59819,193452,46858,9938,12099,1970,7073,189244,187226,3108,4053,1807,25250,18795,236305,17250,12051,1096,1756,4055,139196,48461,1504,8620,28577,36180,1542,1490,243209,50367,31063,175218,2043332,269710,7294,99595
143,6/13/20,17078,59918,201634,48746,9991,12139,1973,7087,189637,187267,3112,4064,1808,25295,18972,236651,17293,12085,1097,1763,4063,142690,48640,1504,8628,29017,36463,1545,1492,243605,51409,31094,176677,2068600,270597,7320,100043
144,6/14/20,17109,60029,208572,50939,10024,12193,1973,7104,189928,187518,3121,4069,1810,25303,19055,236989,17369,12121,1097,1768,4070,146837,48783,1504,8631,29392,36690,1548,1495,243928,51827,31117,178239,2087619,271404,7335,100404
145,6/15/20,17135,60100,213715,53063,10064,12217,1974,7108,189996,187682,3134,4076,1811,25321,19237,237290,17439,12155,1097,1773,4072,150264,48948,1506,8647,29788,37036,1552,1496,244109,52511,31131,179831,2107075,272430,7347,100763
146,6/16/20,17189,60155,218728,54931,10111,12250,1975,7112,190223,188252,3148,4077,1812,25334,19495,237500,17484,12198,1098,1776,4075,154863,49087,1506,8660,30195,37336,1552,1499,244328,53729,31154,181298,2130768,273507,7370,101087
147,6/17/20,17203,60244,220628,57046,10162,12294,1977,7117,190534,188604,3203,4078,1812,25341,19783,237828,17530,12257,1104,1778,4085,159793,49204,1507,8692,30701,37672,1561,1503,244683,55186,31187,182727,2157267,274504,7391,101491
148,6/18/20,17223,60348,225103,60217,10280,12344,1977,7119,190735,189817,3227,4079,1814,25355,20036,238159,17588,12306,1108,1784,4091,165455,49319,1507,8708,31015,38089,1562,1511,245268,56682,31200,184031,2185134,275524,7409,101877
149,6/19/20,17271,60476,231393,63276,10406,12391,1979,7133,191304,190299,3237,4081,1815,25368,20339,238011,17658,12373,1110,1792,4099,170485,49426,1509,8726,31316,38464,1576,1513,245575,57895,31235,185245,2216115,276504,7411,102314
150,6/20/20,17323,60550,236748,65633,10448,12391,1981,7142,191740,190670,3256,4086,1815,25374,20633,238275,17725,12421,1111,1795,4105,175202,49502,1511,8742,31620,38841,1586,1519,245938,58597,31243,186493,2248032,277170,7461,102762
151,6/21/20,17341,60550,242355,68652,10498,12391,1981,7143,191745,191272,3266,4094,1815,25379,20778,238499,17780,12438,1111,1798,4120,180545,49593,1513,8745,31931,39133,1587,1520,246272,58918,31292,187685,2274000,277792,7474,103078
152,6/22/20,17380,60550,246963,71183,10523,12527,1981,7144,192070,191768,3287,4102,1815,25383,21082,238720,17820,12484,1111,1801,4121,185122,49658,1515,8751,32227,39392,1588,1521,246504,59718,31310,188897,2304676,278684,7492,103418
153,6/23/20,17408,60810,250767,73572,10650,12561,1982,7155,192452,192480,3302,4107,1815,25391,21512,238833,17879,12535,1111,1803,4133,191410,49722,1516,8772,32527,39737,1589,1534,246752,61030,31332,190165,2340884,279566,7521,103767
154,6/24/20,17449,60898,254416,77113,10777,12615,1983,7167,192265,192871,3310,4114,1817,25396,22044,239410,17963,12563,1111,1804,4140,196847,49804,1519,8788,32821,40104,1607,1541,247086,62728,31376,191657,2375310,280340,7558,104087
155,6/25/20,17477,61007,259064,80599,10870,12636,1984,7172,192010,193371,3321,4123,1818,25405,22400,239706,18055,12602,1111,1806,4151,202951,49914,1520,8788,33119,40415,1630,1547,247486,64009,31428,193115,2415666,281037,7595,104463
156,6/26/20,17522,61106,263360,84442,11038,12675,1986,7191,193346,194036,3343,4127,1820,25414,22800,239961,18162,12653,1112,1808,4173,208392,50005,1522,8832,33395,40866,1643,1558,247905,65212,31486,194511,2461019,281675,7601,104629
157,6/27/20,17580,61209,267766,88591,11298,12675,1986,7198,193152,194458,3366,4138,1820,25437,23421,240136,18254,12715,1115,1813,4217,212802,50074,1526,8846,33714,41189,1657,1572,248469,65972,31555,195883,2502378,282308,7686,104878
158,6/28/20,17654,61295,271982,91769,11603,12675,1987,7198,192429,194693,3376,4142,1821,25439,23755,240310,18366,12757,1116,1815,4242,216852,50147,1528,8855,33907,41646,1664,1581,248770,66392,31617,197239,2542787,282703,7764,105193
159,6/29/20,17723,61361,275999,95043,11805,12751,1987,7209,194109,195042,3390,4145,1822,25462,24441,240436,18476,12800,1117,1816,4256,220657,50223,1528,8862,34154,41912,1665,1585,248970,67119,31652,198613,2582844,283307,7834,105830
160,6/30/20,17766,61427,279393,97846,11954,12768,1989,7214,194373,195418,3409,4155,1824,25473,25244,240578,18615,12850,1118,1817,4299,226089,50273,1528,8879,34393,42141,1667,1600,249271,67924,31714,199906,2628824,283710,7920,106097
161,7/1/20,17873,61509,282043,102009,12046,12794,1989,7236,194985,195893,3432,4157,1825,25477,26257,240760,18838,12904,1121,1818,4345,231770,50335,1530,8896,34775,42454,1687,1613,249659,68608,31851,201098,2680312,283770,8001,106288
162,7/2/20,17941,61598,284541,106110,12178,12815,1990,7241,195458,196370,3458,4166,1830,25489,27047,240961,19055,12967,1122,1825,4395,238511,50412,1530,8902,35146,42782,1700,1634,250103,69297,31967,202284,2735900,283774,8066,106643
163,7/3/20,18050,61727,288089,109505,12319,12832,1991,7242,195904,196780,3486,4172,1830,25498,28055,241184,19185,13030,1122,1828,4447,245251,50487,1530,8921,35405,43156,1720,1650,250545,69996,32101,203456,2787741,284276,8260,106962
164,7/4/20,18165,61838,291847,113389,12440,12832,1993,7248,195546,197198,3511,4174,1830,25509,29170,241419,19461,13091,1123,1831,4476,252165,50548,1533,8926,35719,43569,1749,1679,250545,70366,32198,204610,2833290,284900,8443,107185
165,7/5/20,18280,62016,295532,117110,12515,12832,1993,7253,195535,197523,3519,4183,1830,25527,29958,241611,19668,13137,1124,1836,4522,256848,50621,1534,8930,35950,43897,1764,1700,250545,70681,32268,205758,2882870,285416,8583,107394
166,7/6/20,18365,62058,298557,120281,12566,12878,1994,7257,196748,198064,3562,4189,1832,25531,30749,241819,19848,13181,1127,1841,4542,261750,50657,1536,8936,36155,44129,1765,1716,251789,70932,32315,206844,2927032,285768,8755,107815
167,7/7/20,18421,62058,301019,124494,12685,12888,1995,7262,197089,198343,3589,4205,1833,25538,32222,241956,20055,13244,1134,1844,4603,268008,50694,1537,8947,36412,44416,1767,1739,252130,71210,32369,207897,2987787,286349,8886,108023
168,7/8/20,18513,62123,303083,128638,12814,12900,2003,7265,196796,198699,3622,4210,1833,25542,33557,242149,20261,13293,1141,1854,4650,275003,50746,1540,8950,36689,44859,1798,1763,252513,71747,32498,208938,3047527,286979,9056,108334
169,7/9/20,18615,62210,306216,133973,12919,12916,2011,7273,197964,199001,3672,4220,1833,25565,34825,242363,20617,13338,1154,1857,4719,282283,50798,1542,8965,36951,45277,1851,1776,253056,72082,32586,209962,3110094,287621,9374,108656
170,7/10/20,18709,62357,309274,140776,13001,12946,2013,7279,198450,199332,3732,4223,1833,25589,36266,242639,21044,13373,1165,1861,4777,289174,50840,1543,8974,37216,45679,1870,1793,253908,72459,32690,210965,3177953,288133,9553,108984
171,7/11/20,18783,62469,312029,145632,13115,12946,2014,7291,198199,199709,3772,4229,1833,25611,37464,242827,21430,13417,1173,1865,4842,295268,50921,1544,8977,37521,46221,1893,1827,253908,72773,32817,211981,3237989,288953,9797,109150
172,7/12/20,18897,62707,315041,150445,13174,12946,2014,7294,198183,199919,3803,4234,1833,25628,38670,243061,21841,13479,1173,1869,4925,299750,51022,1544,8981,37891,46512,1901,1841,253908,72879,32883,212993,3297074,289603,9980,109348
173,7/13/20,18948,62707,317657,154277,13238,13037,2014,7295,199571,200180,3826,4247,1833,25638,40632,243230,22125,13512,1174,1874,4956,304435,51093,1545,8984,38190,46818,1902,1849,255953,73049,32946,214001,3355869,290133,10251,109984
174,7/14/20,19021,62781,319493,159898,13341,13061,2015,7301,199509,200456,3883,4258,1835,25670,42360,243344,22437,13551,1174,1875,5056,311486,51146,1547,9001,38457,47051,1908,1859,256619,73364,33016,214993,3423296,291373,10487,110350
175,7/15/20,19154,62872,321205,165169,13475,13092,2016,7296,200338,200890,3910,4263,1835,25683,44188,243506,23172,13612,1178,1882,5122,317635,51252,1548,9011,38721,47426,1927,1878,257494,73663,33148,215940,3490931,291911,10810,110693
176,7/16/20,19270,63238,323698,173206,13612,13124,2016,7293,200739,201450,3939,4279,1836,25698,46059,243736,23510,13672,1179,1902,5285,324041,51351,1549,9015,39054,47765,1951,1897,258855,73936,33290,216873,3568033,292552,11233,111144
177,7/17/20,19439,63499,326439,182140,13742,13173,2020,7301,201448,202045,3964,4293,1836,25730,47459,243967,24104,13711,1185,1908,5409,331298,51454,1550,9025,39407,48077,1965,1916,260255,74235,33382,217799,3639705,293239,11441,111559
178,7/18/20,19573,63706,328846,190700,13855,13173,2021,7318,201285,202426,3983,4315,1838,25750,49365,244216,24946,13745,1189,1915,5483,338913,51581,1553,9028,39746,48390,1976,1940,260255,74435,33492,218717,3702174,294066,11802,111875
179,7/19/20,19655,63706,330930,197278,13945,13173,2021,7335,201281,202735,4007,4333,1839,25760,50289,244434,25446,13771,1192,1932,5605,344224,51725,1554,9028,40104,48636,1979,1946,260255,74545,33591,219641,3762890,294792,12069,112168
180,7/20/20,19743,64094,333029,204005,14098,13262,2021,7340,203242,203325,4012,4339,1839,25766,52003,244624,25706,13816,1192,1947,5639,349396,51910,1555,9034,40383,48771,1980,1953,264836,74676,33634,220572,3824368,295372,12428,112938
181,7/21/20,19827,64258,334683,211038,14324,13302,2022,7351,203696,203717,4048,4347,1839,25802,54042,244752,26463,13879,1193,1949,5725,356255,52073,1555,9053,40782,48898,2021,1977,266194,74902,33742,221500,3888599,295817,12894,113473
182,7/22/20,19929,64627,336402,218428,14570,13350,2025,7362,204641,204276,4077,4366,1840,25819,56085,245032,27136,13938,1197,1951,5854,362274,52241,1555,9059,41162,49150,2058,2006,267551,75199,33883,222402,3960522,296377,13302,113790
183,7/23/20,20099,64847,338759,226373,14800,13390,2027,7372,205476,204881,4110,4380,1841,25826,57982,245338,28114,13979,1203,1960,5952,370712,52404,1556,9085,41580,49379,2089,2033,270166,75419,34000,223315,4029038,297146,13595,114398
184,7/24/20,20214,65199,341304,233541,15081,13438,2028,7380,206418,205623,4135,4398,1843,25845,59475,245590,28883,14092,1205,1986,6056,378285,52595,1556,9092,42038,49692,2118,2052,272421,75681,34154,224252,4102241,297914,13950,115115
185,7/25/20,20338,65727,343592,240795,15212,13438,2033,7388,206334,206278,4166,4424,1843,25869,60678,245864,29684,14150,1206,2001,6189,385036,52732,1556,9111,42622,49955,2141,2066,272421,75819,34302,225173,4167616,298681,14403,115470
186,7/26/20,20472,66026,345790,248976,15324,13438,2034,7393,206334,206667,4193,4435,1847,25881,61956,246118,30548,14175,1219,2008,6272,390516,53005,1556,9117,43065,50164,2179,2082,272421,75861,34412,226100,4222480,299426,14935,115789
187,7/27/20,20558,66428,347923,257101,15516,13547,2034,7398,208665,207112,4227,4448,1854,25892,63985,246286,31142,14203,1219,2019,6321,395489,53151,1557,9132,43402,50299,2181,2087,278782,75932,34477,227019,4278427,300111,15303,116471
188,7/28/20,20677,66662,349800,267385,15799,13577,2038,7404,209342,207707,4279,4456,1857,25929,66293,246488,32116,14251,1220,2027,6375,402697,53374,1559,9150,43904,50410,2204,2101,280610,76215,34609,227982,4344212,300658,15582,116871
189,7/29/20,20850,67335,351575,276055,16093,13634,2042,7414,209211,208546,4336,4465,1861,25942,68299,246776,33382,14269,1224,2043,6533,408449,53621,1560,9172,44416,50613,2245,2115,282641,76516,34802,228924,4416044,301455,16298,117357
190,7/30/20,20955,68006,353536,286020,16371,13725,2051,7423,210465,209535,4401,4484,1872,26027,70036,247158,35144,14305,1228,2062,6616,416179,53963,1560,9208,45031,50868,2265,2139,285430,76818,35022,229891,4483643,302301,16903,117677
191,7/31/20,21130,68751,355667,295508,16574,13789,2064,7432,213093,210399,4477,4505,1885,26065,70970,247537,36234,14336,1231,2075,6695,424637,54301,1562,9240,45688,51072,2292,2156,288522,77076,35232,230873,4551554,303181,17280,118281
192,8/1/20,21212,69402,357658,306181,16699,13789,2072,7443,213031,211005,4587,4526,1893,26109,72218,247832,37804,14366,1238,2093,6793,434193,54732,1565,9253,46346,51310,2337,2171,288522,77379,35412,231869,4609390,303942,17895,118523
193,8/2/20,21304,69849,359731,317651,16800,13789,2079,7453,213028,211220,4662,4535,1907,26162,72815,248070,39116,14389,1243,2110,6855,439046,55098,1567,9268,46894,51463,2344,2180,288522,77417,35550,232856,4655662,304685,18318,118768
194,8/3/20,21385,70314,361493,327850,17008,13996,2080,7466,212884,212111,4737,4544,1915,26208,74430,248229,40099,14423,1246,2120,6864,443813,55470,1567,9334,47469,51569,2354,2181,297054,77582,35616,233851,4700229,305623,18730,118973
195,8/4/20,21481,70648,362962,334979,17286,14073,2091,7483,216193,212828,4855,4553,1918,26253,76198,248419,41347,14456,1249,2137,6917,449961,55955,1569,9362,48149,51681,2368,2190,302814,77916,35746,234934,4757512,306293,19445,119659
196,8/5/20,21566,71158,364723,345714,17529,14185,2113,7512,216106,214113,4974,4564,1926,26303,77919,248803,42686,14499,1257,2147,7007,456100,56381,1569,9409,48789,51848,2417,2208,305767,78341,35927,236112,4811945,307184,19890,120033
197,8/6/20,21696,72016,366671,357710,17731,14306,2124,7532,218763,215039,5123,4597,1932,26372,79559,249204,44167,14519,1275,2171,7073,462690,56982,1569,9468,49515,52061,2480,2223,309855,78719,36108,237265,4871426,308134,20272,120387
198,8/7/20,21837,72784,368825,367204,18060,14442,2133,7554,222477,216196,5270,4621,1952,26470,80991,249756,45764,14562,1281,2194,7113,469407,57501,1569,9551,50324,52351,2523,2233,314362,79099,36269,238450,4929748,309005,20698,120903
199,8/8/20,21919,73401,371023,376870,18235,14442,2147,7568,222408,216903,5421,4653,1955,26644,82324,250103,47342,14598,1288,2231,7169,475902,57987,1569,9599,51167,52537,2566,2247,314362,79359,36451,239622,4984196,309763,21084,121148
200,8/9/20,22033,74152,373056,387481,18353,14442,2152,7584,222402,217288,5623,4696,1958,26712,83002,250566,48782,14626,1290,2252,7205,480278,58564,1569,9638,51791,52668,2596,2249,314362,79432,36603,240804,5030566,310825,21397,121367
201,8/10/20,22106,74620,375044,397623,18494,14815,2158,7601,226384,218508,5749,4731,1962,26768,84722,250825,49617,14660,1290,2265,7216,485836,59194,1570,9684,52410,52825,2599,2255,322980,79628,36708,241997,5079299,311641,21713,122053
202,8/11/20,22245,75008,376616,410453,18783,14959,2167,7623,226313,219540,5942,4746,1968,26801,86593,251237,50302,14714,1293,2283,7242,492522,59424,1570,9751,52961,52945,2615,2272,326612,80045,36895,243180,5126224,312789,22127,122389
203,8/12/20,22439,75647,378168,422519,19075,15070,2174,7642,230874,220859,6177,4768,1972,26838,88151,251713,51288,14770,1303,2309,7300,498380,60627,1589,9783,53676,53223,2690,2303,329784,80489,37169,244392,5183020,313798,22358,122703
204,8/13/20,22594,76191,380034,433805,19401,15214,2174,7683,230778,222281,6381,4813,1976,26929,89822,252235,52471,14873,1307,2330,7368,505751,61204,1602,9851,54487,53548,2739,2332,337334,80851,37403,245635,5234762,314927,22742,123180
205,8/14/20,22876,77113,382111,445111,19693,15379,2177,7700,236114,223791,6632,4853,1983,26995,91080,252809,53818,15039,1308,2352,7405,511369,61840,1609,9908,55319,53783,2801,2369,342813,81195,37671,246861,5299526,316367,23035,123605
206,8/15/20,23179,77869,383902,456689,19891,15483,2184,7720,239345,224488,6858,4877,1999,27191,92233,253438,55051,15318,1315,2386,7439,517714,62495,1622,9965,56090,53981,2855,2401,342813,81421,37924,248117,5346302,317379,23287,123825
207,8/16/20,23370,78323,385946,468332,20012,15617,2190,7731,239306,225007,7075,4916,2011,27257,92680,253915,56074,15515,1322,2416,7458,522162,63002,1631,10005,56684,54102,2902,2416,342813,81484,38124,249309,5387483,318484,23558,124004
208,8/17/20,23534,78534,387502,476660,20202,15740,2192,7752,242650,226700,7222,4946,2014,27313,94751,254235,56717,15761,1323,2436,7469,525733,63484,1643,10060,57279,54234,2907,2429,359082,81658,38252,250542,5424000,319197,23773,124218
209,8/18/20,23829,78897,388855,489122,20483,15855,2200,7776,242592,228120,7472,4970,2027,27499,96409,254636,57636,16058,1323,2474,7499,531239,63973,1649,10111,57876,54448,2922,2456,364196,81972,38449,251805,5469037,320286,23989,125084
210,8/19/20,24084,79479,390037,502178,20798,15940,2207,7805,242538,229706,7684,5002,2035,27547,97969,255278,58728,16346,1326,2496,7566,537031,64525,1654,10162,58611,54701,3022,2493,370867,82323,38760,253108,5516408,321098,24236,125408
211,8/20/20,24431,80178,391849,513719,21045,16056,2227,7842,242413,231292,7934,5046,2040,27676,99599,256118,59900,16670,1327,2528,7637,543806,65054,1665,10197,59378,54992,3102,2536,377906,82656,39026,254520,5560495,322280,24407,125625
212,8/21/20,24762,80894,393769,522138,21551,16127,2244,7871,257333,233029,8138,5098,2050,27755,100716,257065,60949,17002,1330,2564,7704,549734,65589,1671,10275,60281,55211,3225,2574,386054,82954,39332,255723,5608748,323313,24602,126319
213,8/22/20,25062,81468,395708,533103,21790,16239,2265,7906,260873,233861,8381,5133,2058,27908,101933,258136,61916,17399,1333,2594,7762,556216,66097,1674,10299,61181,55452,3316,2617,386054,83114,39627,257032,5652401,324601,24811,126560
214,8/23/20,25253,81936,397665,541139,21923,16317,2272,7920,265550,234494,8664,5155,2064,27969,102663,259345,62658,17665,1337,2635,7775,560164,66554,1683,10323,61762,55597,3356,2651,386054,83171,39903,258249,5686858,325642,24915,126817
215,8/24/20,25495,82092,399568,551688,22181,16397,2275,7938,267392,236122,8819,5191,2073,28116,104472,260298,63158,17945,1337,2673,7794,563705,67128,1690,10395,62310,55720,3424,2665,405436,83353,40060,259692,5723343,326614,25053,127594
216,8/25/20,25706,82447,400985,562113,22548,16480,2294,7981,270455,237583,8987,5215,2077,28201,106460,261174,63888,18265,1342,2694,7838,568621,67543,1695,10454,63073,55912,3452,2686,412553,83578,40262,261194,5763322,327798,25204,127903
217,8/26/20,26033,83030,402365,572243,22951,16537,2311,8002,275640,239010,9280,5288,2082,28363,108403,262540,64779,18706,1360,2726,7928,573888,68114,1702,10504,63802,56274,3536,2722,419849,83824,40645,262507,5808842,328846,25322,128380
218,8/27/20,26361,83500,404102,581995,23169,16627,2325,8019,281603,240571,9531,5379,2087,28453,110403,263949,65653,19077,1366,2762,7928,579914,68624,1714,10542,64689,56673,3626,2755,429507,83958,41006,263998,5853962,330368,25448,128836
219,8/28/20,26590,83952,405972,590492,23777,16700,2343,8042,288655,242126,9800,5511,2092,28578,112000,265409,66499,19400,1375,2810,6580,585738,69131,1727,10582,65480,57074,3728,2797,439286,83958,41346,265515,5900891,331644,25547,129342
220,8/29/20,26985,84599,408009,599884,24094,16779,2363,8049,288531,242835,9977,5669,2100,28720,113465,266853,67353,19699,1381,2839,6625,591712,69632,1729,10611,66239,57448,3842,2834,439286,83958,41722,267064,5946245,332752,25670,129639
221,8/30/20,27166,85042,409974,607904,24367,16891,2373,8077,299320,243305,10134,5961,2105,28760,114020,268218,67958,19947,1393,2874,6625,595841,70140,1738,10643,66870,57768,3876,2865,439286,83958,42014,268546,5981032,334467,25746,129888
222,8/31/20,27438,85236,411726,615094,24618,16985,2375,8086,302175,244802,10317,6139,2107,28811,116596,269214,68396,20182,1396,2906,6625,599560,70667,1752,10782,67372,58012,3917,2883,462858,84379,42177,270133,6016230,335873,25819,130918
223,9/1/20,27642,85487,413145,624026,25117,17084,2395,8142,306951,246015,10524,6257,2116,29025,118538,270189,69023,20449,1404,2929,6625,606036,71129,1757,10871,67922,58243,3989,2924,470973,84521,42393,271705,6057907,337168,25923,131422
224,9/2/20,27969,85911,414739,633321,25773,17195,2415,8161,313730,247411,10757,6622,2121,29114,121464,271515,69619,20644,1406,2958,6745,610957,71863,1759,11034,68517,58633,4042,2979,479554,84532,42763,273301,6098858,338676,26049,131941
225,9/3/20,28372,86544,416501,641574,26452,17374,2441,8200,320656,248840,10998,6923,2128,29206,124455,272912,70278,20842,1410,2978,6811,616894,72464,1764,11120,69129,59051,4163,3032,488513,84729,43127,274943,6142639,340411,26136,132527
226,9/4/20,28729,87174,418469,650063,27249,17547,2456,8225,329512,250283,11200,7382,2135,29303,126419,274644,70866,21010,1416,3004,6854,623090,73208,1767,11231,69820,59457,4300,3079,498989,84985,43532,276555,6192768,342351,26207,133141
227,9/5/20,29087,87825,420434,658456,27752,17736,2491,8261,329353,251058,11386,7892,2136,29534,128936,276338,71467,21177,1425,3040,6896,629409,73862,1772,11296,70387,59943,4526,3122,498989,84985,43957,278228,6235908,344164,26278,133511
228,9/6/20,29271,88367,422510,666521,28156,17883,2516,8291,329246,251728,11524,8387,2141,29672,130644,277634,71918,21296,1428,3083,6950,634023,74787,1776,11388,70824,60258,4614,3165,498989,84985,44401,279806,6267419,347152,26321,133890
229,9/7/20,29561,88769,424274,671848,28716,18113,2532,8327,348982,253626,11663,8963,2143,29774,133975,278784,72213,21432,1429,3100,6960,637509,75584,1782,11521,71126,60507,4636,3190,525549,85558,44592,281509,6290964,350100,26373,134295
230,9/8/20,30081,89141,425541,679513,29877,18356,2564,8337,355244,254957,11832,9304,2150,30080,137565,280153,72724,21588,1432,3131,6974,642860,76548,1788,11623,71526,60895,4727,3232,534513,85707,44837,283270,6317861,352560,26465,135757
231,9/9/20,30583,89691,427027,686851,31036,18607,2585,8430,363751,256433,12080,9715,2153,30164,141097,281583,73264,21743,1443,3163,7023,647321,77688,1792,11746,71947,61541,4888,3312,543379,85880,45306,284943,6351756,355219,26524,136135
232,9/10/20,31247,90568,428669,694664,32413,18924,2600,8469,372501,258149,12452,10191,2157,30360,145526,283180,73916,21919,1448,3199,7088,652364,78511,1793,11867,72453,62126,5066,3389,554143,86194,45711,286455,6387822,358138,26564,136956
233,9/11/20,31827,91537,430535,702088,33860,19216,2632,8512,381907,259735,12734,10909,2161,30571,148564,284796,74558,22055,1459,3243,7088,658299,79781,1795,12003,73047,62813,5252,3497,566326,86505,46239,288126,6435261,361677,26607,137676
234,9/12/20,32696,92478,432666,708964,35401,19557,2655,8557,381907,260817,13036,11825,2162,30730,152722,286297,75206,22176,1464,3296,7159,663973,81012,1797,12079,73650,63310,5453,3603,566326,86505,46704,289635,6476236,365174,26651,138164
235,9/13/20,33159,93455,434748,716319,36188,19890,2676,8580,381907,261737,13240,12309,2165,30985,155604,287753,75646,22285,1474,3335,7159,668381,82099,1798,12154,74152,63983,5532,3702,566326,86505,47179,291162,6510541,368504,26692,138640
236,9/14/20,33541,94306,436433,721892,37222,20237,2698,8627,404564,263222,13420,13153,2168,31192,160368,288761,75914,22391,1477,3386,7244,671716,83399,1801,12276,74529,64596,5580,3749,593730,86505,47436,292878,6544411,371125,26739,140098
237,9/15/20,34305,94795,437983,728590,38896,20571,2722,8725,412360,265014,13730,13879,2174,31549,164402,289990,76446,22504,1482,3397,7284,676487,84778,1802,12393,75134,65021,5768,3831,603167,87345,47751,294620,6583796,374228,26778,140900
238,9/16/20,35073,95948,439287,736377,41032,20571,2756,8750,421861,266869,14041,14460,2189,31799,170465,291442,76997,22657,1486,3442,7394,680931,86320,1809,12498,75734,65626,5860,3954,614360,87575,48265,296391,6622256,378219,26813,141852
239,9/17/20,35853,97976,441150,743945,44155,21393,2778,8799,431966,269048,14400,15170,2206,32023,175256,293025,77488,22783,1494,3504,7541,684113,88073,1809,12644,76571,66396,6021,4058,625651,87885,48795,298039,6667178,381614,26861,142879
240,9/18/20,36661,99649,442827,750471,46262,21847,2814,8858,444978,271247,14738,16111,2230,32271,179071,294932,78061,22893,1498,3565,7718,688954,90047,1811,12769,77328,67176,6256,4195,640040,88237,49283,299810,6715928,385936,26885,144053
241,9/19/20,37474,100748,444674,758398,48306,22436,2875,8922,444978,272932,14978,16920,2307,32538,183602,296569,78662,22975,1515,3664,7718,694121,91934,1815,12858,78330,68025,6546,4309,640040,88237,49283,301348,6758397,390358,26898,144607
242,9/20/20,38095,102295,446274,765076,49290,22905,2924,8980,444978,273965,15142,17990,2307,32933,187902,298156,79142,23045,1525,3744,7718,697663,93778,1815,12897,79240,68577,6677,4420,640040,88237,49283,302867,6796841,394257,26912,145750
243,9/21/20,38658,103392,447468,770435,50764,23323,2941,9046,473974,275560,15595,18866,2377,33121,190929,299506,79462,23106,1526,3814,7916,700580,95995,1815,13005,79988,69200,6756,4470,671468,88237,50378,304610,6848379,398625,26942,147583
244,9/22/20,39303,105226,448523,777537,53158,23799,2976,9195,483956,277412,15928,19499,2419,33444,193374,300897,79773,23216,1560,3859,8016,705263,98240,1824,13153,80699,69663,6931,4558,682267,89436,50664,306302,6887861,403551,26972,148855
245,9/23/20,39984,106887,449903,784268,55464,24357,3033,9288,483956,279025,16286,20450,2476,33675,204690,302537,80009,23341,1572,3932,8090,710049,100597,1827,13277,81673,70465,7269,4694,693556,89756,51101,308069,6926442,409729,26980,149939
246,9/24/20,40816,108768,451634,790823,58374,24916,3076,9379,511757,281346,16627,21200,2512,33994,212115,304323,80490,23455,1594,4070,8158,715457,103141,1829,13406,82809,71156,7629,4816,704209,90289,51492,309790,6972152,416363,27000,151087
247,9/25/20,41500,110976,453868,798317,61318,25594,3118,9484,527554,283712,16913,22127,2561,34315,217899,306235,81054,23516,1625,4184,8233,720858,105918,1831,13545,84396,72055,8048,5007,716481,90923,51864,311455,7020229,423236,27016,152717
248,9/26/20,42214,112803,455979,806038,63294,26213,3165,9577,527554,285026,17228,23077,2601,34560,227100,308104,81703,23611,1654,4295,8233,726431,108631,1833,13627,85980,72939,8600,5191,716481,90923,51864,312966,7064532,429277,27040,153770
249,9/27/20,42876,114179,457901,813056,64597,26637,3200,9682,527554,286339,17444,24014,2623,34990,231026,309870,82186,23661,1676,4385,8233,730317,111626,1833,13698,87330,73604,9078,5350,716481,90923,51864,314433,7101812,434969,27044,155428
250,9/28/20,43432,115353,459671,818203,65883,27072,3267,9743,552832,288631,17707,24716,2663,35377,233265,311364,82484,23699,1697,4490,8376,733717,114540,1835,13788,88636,74029,9343,5388,748266,90923,52646,315845,7134060,439013,27055,157219
251,9/29/20,44041,117115,461300,824042,67843,27464,3315,9892,564690,290471,18123,25567,2695,35740,236926,313011,83022,23812,1729,4587,8431,738163,117551,1836,13915,89962,74717,9574,5487,748266,92466,52871,317272,7176856,446156,27078,158991
252,9/30/20,44813,118452,462991,829679,70763,27998,3371,9992,576907,292913,18475,26461,2728,36155,245494,314861,83591,23889,1824,4693,8509,743216,120845,1848,14027,91514,75542,10141,5690,769188,92863,53282,318663,7218052,453264,27096,161107
253,10/1/20,45686,121059,464750,835339,74255,28396,3450,10103,589825,295539,18886,27309,2769,36597,253490,317409,84244,23952,1868,4784,8595,748315,124097,1848,14149,93481,76396,10938,5865,778607,93615,53832,320070,7263347,460178,27109,162930
254,10/2/20,46374,124234,466590,841532,78051,28932,3507,10244,601971,298374,19346,28631,2809,37063,258920,319908,84768,24027,1945,4956,8709,753090,127922,1849,14284,95773,77284,11617,6103,789932,94283,54384,321512,7317749,467146,27121,165054
255,10/3/20,47432,127623,468471,848147,80605,29302,3577,10391,601971,300027,19613,29717,2872,37668,264443,322751,85345,24091,2019,5081,8709,757953,131889,1854,14362,98140,78247,12321,6330,789932,94283,54384,323014,7366423,480017,27135,166360
256,10/4/20,48146,130235,470179,855052,82446,29680,3607,10538,601971,301573,19842,30575,2921,38032,266775,325329,85746,24164,2086,5185,8709,761665,135892,1855,14457,100074,79151,13139,6498,789932,94283,54384,324443,7402515,502978,27148,168501
257,10/5/20,48896,132203,471746,862158,85566,30057,3617,10702,636196,304673,20142,31480,2980,38549,272309,327586,86027,24239,2126,5285,8925,789780,140471,1858,14605,102080,79885,13492,6673,813412,94283,55932,326046,7441432,515571,27173,171384
258,10/6/20,49819,134291,473306,869808,90022,30379,3659,10929,646531,307127,20541,32298,3081,38973,277026,330263,86540,24353,2194,5366,8979,794608,144999,1861,14784,104316,80312,13812,6764,825410,96145,56632,327557,7485381,530113,27181,173756
259,10/7/20,50848,137868,474440,877684,95360,30710,3715,11049,664178,311137,20947,33114,3172,39584,281481,333940,87039,24422,2261,5483,9119,799188,149988,1864,15013,107319,81256,14689,7120,835901,96677,57709,329138,7536022,544275,27206,175380
260,10/8/20,52057,143596,476016,886179,100757,31156,3760,11345,682192,315941,21381,34046,3267,40086,285336,338398,87679,24476,2370,5625,9219,804488,155810,1866,15221,111599,82534,15726,7507,848324,97532,58881,330753,7594351,561815,27226,177730
261,10/9/20,53188,148981,477769,894300,109374,31638,3809,11580,702148,320495,21772,35222,3373,40703,287858,343770,88267,24548,2507,5758,9360,810020,161781,1870,15388,116338,83928,16910,7872,861112,98451,60368,332382,7650345,575679,27244,180625
262,10/10/20,54423,156931,479595,902747,114005,32082,3846,11849,702148,323463,22078,36596,3460,41714,289875,349494,88962,24606,2596,5963,9514,814328,168280,1871,15466,121638,85574,18797,8252,861112,98451,60368,334031,7704352,590844,27263,182767
263,10/11/20,55319,162258,481371,911316,117110,32422,3865,11998,702148,326309,22358,37664,3526,42528,290493,354950,89400,24703,2670,6122,9722,817503,174653,1871,15524,125816,86664,19851,8663,861112,98451,60368,335533,7750186,603716,27285,184403
264,10/12/20,56298,165880,482832,919084,121421,32811,3883,12212,745104,332850,22652,38837,3582,43351,294031,359569,89652,24805,2765,6248,9731,821045,181498,1872,15639,130210,87913,20355,8832,888968,98451,64436,337147,7790890,617688,27310,185378
265,10/13/20,57326,173240,484280,924098,129747,33101,3908,12499,766421,337314,23060,39862,3668,44159,296652,365467,90153,24889,2840,6366,9840,825340,188876,1874,15793,135278,89121,20886,9231,896086,100654,65881,338779,7843769,634920,27337,189489
266,10/14/20,58672,181511,485372,930159,139290,33593,3947,12703,788117,344487,23495,40782,3757,45243,298500,372799,90694,24988,2942,6505,10030,829396,196163,1876,15953,141804,91193,22296,9938,908056,101332,68704,340450,7903242,654644,27357,192064
267,10/15/20,60224,191959,486496,936982,149010,34023,3980,12944,818707,352107,23947,41732,3837,46429,300201,381602,91402,25035,3056,6760,10244,834910,203954,1880,16137,149903,93294,24225,10683,921374,102407,71317,342143,7967600,673622,27371,194362
268,10/16/20,61387,202151,488190,945354,160112,34441,4017,13133,843475,359802,24450,43025,3929,47427,301896,391611,92044,25108,3204,7041,10471,841661,211938,1883,16272,157608,95902,26300,11517,936560,103200,74422,343955,8036049,689257,27378,196928
269,10/17/20,63134,213115,490003,952371,168827,34941,4052,13293,843471,364664,24932,44816,3998,48678,302770,402536,92670,25199,3392,7269,10471,847108,220052,1886,16369,167230,98055,28268,12416,936560,103200,74422,345678,8092924,705428,27390,197067
270,10/18/20,64806,222253,491760,959572,173885,35392,4078,13424,843471,368671,25370,46290,4055,49962,303109,414241,93098,25275,3450,7521,10888,851227,228234,1886,16457,175766,99911,29835,13142,936560,103200,74422,347493,8142220,722409,27399,200804
271,10/19/20,65927,230480,493305,965883,181962,35844,4085,13555,918679,377068,25802,47768,4101,50993,304876,423578,93408,25333,3494,7726,11010,854926,236226,1887,16603,183248,101860,30695,13679,974449,103200,83159,349519,8209226,741212,27405,204111
272,10/20/20,67451,240159,494478,974139,193946,36373,4127,13849,939147,385591,26469,48757,4193,52256,306162,434449,93895,25424,3609,7928,11241,860714,244391,1912,16772,192539,103736,31400,14473,988322,106380,86167,351413,8270314,762542,27443,206349
273,10/21/20,69409,253386,495637,981700,208915,37003,4171,14071,965451,397922,27334,50180,4230,53422,307335,449648,94515,25543,3797,8239,11671,867559,253134,1914,16964,202579,106271,33602,15982,1005295,107355,91763,353426,8333340,789229,27458,209036
274,10/22/20,71844,270132,497131,990373,223065,37763,4247,14255,1007026,403874,28216,52212,4268,54476,308247,465726,95134,25698,3958,8663,12333,874171,262405,1923,17234,214686,109541,35330,17646,1026281,108969,97019,355528,8408675,810467,27476,211617
275,10/23/20,74415,287700,498906,998942,238323,38622,4300,14474,1048842,417350,29057,54278,4308,55261,308840,484869,95868,25775,4208,9104,12851,880775,272401,1934,17532,228318,112440,37911,19307,1046132,110594,103653,357693,8489662,830998,27495,214519
276,10/24/20,78029,305409,500542,1007711,250797,39411,4351,14652,1048842,427808,29992,56098,4394,56108,309413,504509,96599,25836,4467,9578,12851,886800,281052,1935,17749,241946,116109,40801,21274,1046132,110594,103653,359784,8572449,854010,27513,216051
277,10/25/20,80811,321031,502063,1015885,258097,40356,4411,14848,1048842,437698,30782,59247,4448,57128,309946,525782,97095,25955,4678,10184,12851,891160,291254,1940,17909,253688,118686,43843,22950,1046132,110594,103653,361801,8634210,873800,27525,218874
278,10/26/20,83267,333718,503598,1025052,268370,41412,4428,14970,1172754,450258,31496,61563,4504,58067,310851,542789,97503,26043,4757,10949,14399,895326,301597,1941,18342,263929,121133,45155,24080,1098320,110594,121093,363999,8700789,894690,27539,222973
279,10/27/20,86102,347289,504525,1033218,284033,42157,4465,15163,1206014,463419,32752,63642,4574,58767,311724,564778,98146,26146,4893,11362,14884,901268,311889,1943,18666,280229,124432,46056,25603,1116738,115785,127042,366208,8776790,917575,27553,225703
280,10/28/20,89496,368337,505530,1041935,297013,43174,4590,15378,1240862,479621,34299,65933,4671,59434,312550,589766,98877,26271,5144,12138,15659,906863,319991,1949,19069,299049,128392,48943,28215,1136503,117913,135658,368513,8855474,942275,27565,228366
281,10/29/20,93949,392258,507050,1053122,310068,44034,4671,15566,1288478,498354,35510,68127,4719,60297,313114,616595,99674,26385,5395,13088,16356,912811,330255,1950,19564,319205,132616,51728,30705,1160083,121167,145044,370832,8945642,965340,27579,231383
282,10/30/20,99576,412314,508571,1063151,323673,45225,4771,15910,1337693,517736,37196,71413,4797,61059,313701,647674,100450,26511,5679,13823,17134,918811,341374,1957,20062,340834,137272,55091,32503,1185678,124355,154251,373154,9044161,989745,27585,234939
283,10/31/20,104925,429229,510256,1074184,335102,46351,4905,16113,1373036,531790,39251,75321,4865,61456,314422,679430,101327,26635,5894,14824,17134,924962,351178,1959,20331,362731,141279,57664,34307,1185678,124355,154251,375367,9133045,1011660,27595,237313
284,11/1/20,109881,441018,511864,1083321,341644,47299,4985,16291,1419326,544346,40929,79199,4890,62002,314943,709335,101943,26732,6136,15719,17134,929392,359861,1963,20635,379902,144341,59946,35649,1185678,124355,154251,377473,9208607,1034914,27601,239649
285,11/2/20,114016,447355,513140,1093256,350896,48241,5046,16400,1471091,569598,42080,82780,4931,62750,315636,731588,102431,26807,6268,16556,19101,933155,368147,1968,21339,395480,146847,61829,36206,1240697,124355,176177,379775,9292091,1053864,27610,243178
286,11/3/20,118198,452541,514202,1099392,362985,49594,5125,16637,1507078,577131,44246,86769,4957,63048,316528,759829,103309,26925,6439,17453,19634,938405,375890,1971,21956,414844,149443,63556,37382,1259366,134532,182303,382118,9416709,1073882,27622,247916
287,11/4/20,125099,468213,515042,1108086,378716,50530,5333,16930,1547831,608611,46892,90988,4989,63483,317332,790377,103928,27050,6752,18092,20344,943630,383523,1973,22578,439536,156940,66772,39408,1284408,137730,192376,384509,9519582,1099059,27630,250698
288,11/5/20,132515,479341,516582,1117977,391945,51753,5464,17119,1605171,631172,49807,94916,5017,64046,317863,824879,104964,27195,7119,19091,21147,949197,390488,1974,23229,466679,161350,68734,41094,1306316,141764,202504,386820,9645772,1123197,27644,253482
289,11/6/20,138979,488044,518390,1127733,403497,53180,5705,17385,1665403,653992,52254,99625,5039,64538,318402,862681,106136,27284,7476,20747,21806,955128,397730,1976,23835,493765,166900,71088,42658,1328832,146461,211913,389256,9771480,1146484,27652,258875
290,11/7/20,147220,494168,519977,1136447,411220,54230,5933,17385,1665403,668114,54809,104943,5063,64855,318949,902490,107439,27427,7880,22719,21806,961938,404401,1982,24243,521640,173540,73667,44270,1328832,146461,211913,391739,9899480,1171441,27658,263221
291,11/8/20,153153,500789,521558,1143887,414828,55121,6125,17797,1790817,682624,56698,109616,5078,65394,319241,935104,108394,27553,8095,24699,21806,967825,410065,1986,24732,546425,179324,75495,45161,1328832,146461,211913,394255,10009386,1192013,27665,267165
292,11/9/20,158746,503182,522879,1149064,417181,55892,6250,17887,1810388,689146,58187,114778,5101,65659,320184,960373,109191,27653,8187,25755,23227,972785,414745,1987,25325,568138,183420,76072,45625,1381218,146461,229222,396831,10130752,1213363,27669,272036
293,11/10/20,164866,507475,523907,1155356,429880,56958,6376,18107,1831842,715693,60570,118918,5114,65889,320661,995463,110487,27799,8395,26841,23710,978531,419412,1988,25887,593592,187237,77123,46717,1381218,162240,235202,399360,10268446,1233775,27671,276481
294,11/11/20,172380,515391,524804,1165326,438805,57952,6508,18345,1867525,738094,63321,122863,5142,66247,321326,1028424,112011,27942,8848,28262,23710,986177,424819,1991,26511,618813,192172,79181,48939,1417709,166707,243472,402053,10411994,1256725,27675,280465
295,11/12/20,181642,520393,526438,1174012,446675,58963,6881,18542,1900573,762832,66637,126790,5160,66632,322159,1066401,113655,28133,9381,29812,25218,991835,430453,1995,27228,641496,198011,81772,50870,1437220,171365,250396,404894,10573242,1290195,27676,285939
296,11/13/20,191228,525012,528030,1182697,454030,60000,7148,18858,1924193,785093,69675,131887,5170,67099,322695,1107303,115360,28338,9836,31878,25931,997393,436544,1998,27916,665547,204664,83796,52385,1458591,177355,257135,407939,10750810,1317496,27682,290709
297,11/14/20,198291,531280,529676,1191634,458229,61078,7412,19102,1956252,799733,72510,136723,5186,67526,323339,1144552,117113,28546,10231,33387,25931,1003253,442458,2001,28434,691118,211266,85567,54122,1458591,177355,257135,411055,10917519,1344356,27711,295139
298,11/15/20,203956,535939,531273,1198746,460116,62136,7637,19315,1983480,802946,74205,140961,5189,67903,323741,1178529,118611,28769,10547,34758,25931,1006522,447871,2001,28434,712972,217301,86767,55042,1458591,177355,257135,414278,11053304,1369318,27749,299440
299,11/16/20,208613,537871,532604,1205217,465523,63331,7848,19419,1992552,817526,76403,147456,5205,68356,324755,1205881,119557,28998,10636,35911,27256,1009396,452701,2005,28434,733788,225672,87276,55544,1496864,177355,269974,417594,11211070,1390681,27758,305473
300,11/17/20,214597,540605,533610,1211128,469769,64551,8033,19647,2038050,843757,78825,152659,5215,68686,325537,1238072,121247,29311,10914,36876,27681,1011153,457003,2008,30114,752940,230124,88602,56937,1510023,192439,274534,421413,11371585,1410732,27777,309935
301,11/18/20,221688,545787,534558,1218003,475284,65808,8304,19935,2066046,867484,82034,156949,5226,69058,326331,1272352,123477,29654,11356,38810,28573,1015071,461612,2010,30770,772823,236015,89913,58964,1525341,196446,280648,425628,11541986,1430341,27785,314453
302,11/19/20,228683,550264,536012,1225490,481755,67105,8715,20286,2087176,891525,85261,161461,5231,69473,327049,1308528,125859,30017,11722,40492,29243,1019543,467257,2013,31441,796798,243009,91578,61034,1541574,201055,285655,430170,11729949,1453256,27792,319247
303,11/20/20,235351,553680,537585,1233444,487563,68362,9076,20747,2110021,914118,87812,165901,5251,69802,327748,1345767,128285,30403,12102,42757,29762,1025969,473190,2019,32014,819262,249498,93396,62580,1556730,208295,290601,435273,11925959,1473508,27806,324234
304,11/21/20,241962,556904,539143,1240493,490750,69635,9375,21216,2127672,927990,90121,170298,5269,70143,328397,1380531,130871,30733,12744,44740,29762,1032688,479260,2028,32352,843475,255970,95257,64284,1556730,208295,290601,440805,12104032,1493383,27821,329191
305,11/22/20,247188,558779,540640,1248417,492263,70485,9724,21639,2140829,932367,91619,174618,5277,70461,328918,1408868,133034,31004,13120,47047,29762,1041875,484648,2030,32765,861331,260758,96241,65308,1556730,208295,290601,446822,12246766,1512045,27834,333936
306,11/23/20,250333,559902,542080,1254979,496638,71654,9956,21936,2144979,946822,93006,177952,5289,70711,329998,1431795,134554,31353,13236,48226,31111,1049358,489818,2031,33183,876333,264802,96472,65778,1582616,208295,300352,453535,12418228,1527495,27843,340731
307,11/24/20,254710,561803,543087,1262494,502534,73021,10159,22289,2154097,963192,95137,181881,5298,70930,330935,1455022,135786,31735,13693,49393,31484,1060152,493744,2039,33717,909066,268721,97493,67080,1594844,225560,304593,460916,12591163,1538794,27853,346013
308,11/25/20,260512,564967,544092,1270991,505215,74204,10541,22652,2169336,995879,97288,185687,5312,71187,331915,1480874,137735,32318,14273,51655,32100,1070487,498653,2040,34268,924422,274011,99304,69306,1605066,230514,309469,467730,12772653,1557007,27865,350971
309,11/26/20,266038,567532,545662,1280487,511520,75395,10955,23148,2182877,1017830,99306,192047,5323,71494,333084,1509875,140225,32887,15171,53757,32873,1078594,503123,2047,34748,941112,280394,101257,71073,1617355,236355,313978,503738,12883264,1574562,27873,356650
310,11/27/20,270992,570829,547243,1290510,515984,76718,11323,23766,2195212,1038649,101287,198440,5346,71699,333802,1538217,142778,33375,15808,56095,33409,1078594,508866,2050,35193,958416,285838,103106,72674,1628208,243129,318290,548244,13088821,1589301,27886,362604
311,11/28/20,275661,574448,548941,1299613,518649,78354,11698,24307,2207771,1052494,103034,204708,5371,71942,334789,1564532,145457,33824,16561,58212,33409,1101403,513325,2050,35546,973593,290706,104632,74257,1628208,243129,318290,578347,13244417,1605172,27892,368279
312,11/29/20,279708,576599,550430,1308376,519723,79352,12052,24629,2217555,1055691,104227,211527,5381,72241,335598,1585178,147515,34201,16975,60193,33409,1107071,518910,2056,35828,985075,294799,105733,75381,1628208,243129,318290,607628,13383320,1617327,27902,373662
313,11/30/20,282456,577345,551743,1316806,523298,80481,12308,24912,2221535,1069912,105271,217122,5392,72544,336846,1601554,148962,34652,17075,61325,34678,1113543,523478,2059,36150,990811,298061,105929,75814,1648187,243129,327072,638847,13541221,1629657,27912,381557
